id,response,respondent_id,timestamp,demographic_segment
1,"The product quality is AMAZING!!! I loooove how durable it is &amp; would definately recommend",R001,2024-01-15 09:23:41,Young Adults 18-34
2,"Customer service was   very helpful   they resolved my issue quickly",R002,2024-01-15 10:14:22,Middle Aged 35-54
3,"I've been buying from this brand for years, can't imagine switching to another",R003,2024-01-15 11:05:33,Seniors 55+
4,"The materials used in this product are top-notch. Very impressed with the craftsmanship.",R004,2024-01-15 11:45:18,Middle Aged 35-54
5,"good",R005,2024-01-15 12:01:55,Young Adults 18-34
6,"Staff was soooo friendly and helped me find exactly what I needed!!!",R006,2024-01-15 12:33:27,Young Adults 18-34
7,"Prices are reasonable for teh quality you recieve. Great value for money.",R007,2024-01-15 13:15:44,Seniors 55+
8,"I ALWAYS RECOMMEND THIS BRAND TO MY FRIENDS AND FAMILY",R008,2024-01-15 13:48:21,Middle Aged 35-54
9,"The online shopping experience is very convenient &amp; easy to navigate",R009,2024-01-15 14:22:09,Young Adults 18-34
10,"Love the new features they've added! The technology is cutting edge.",R010,2024-01-15 14:55:36,Young Adults 18-34
11,"Product durability is exceptional - I've had mine for 5 years and it still works perfectly",R011,2024-01-15 15:30:12,Seniors 55+
12,"Called customer support and waited on hold for 45 minutes... not happy",R012,2024-01-15 16:02:48,Middle Aged 35-54
13,"Definately worth the price!!! Best purchase I've made this year",R013,2024-01-15 16:35:19,Young Adults 18-34
14,"Been a loyal customer since 2010. They've never let me down.",R014,2024-01-15 17:08:55,Seniors 55+
15,"Store layout is confusing   hard to find what you're looking for   needs improvement",R015,2024-01-15 17:42:31,Middle Aged 35-54
16,"THE NEW MODEL HAS AMAZING IMPROVEMENTS OVER THE PREVIOUS VERSION",R016,2024-01-15 18:15:07,Young Adults 18-34
17,"ok",R017,2024-01-16 08:23:44,Seniors 55+
18,"The craftsmanship on this item is beautiful. You can tell it's made with care.",R018,2024-01-16 08:56:20,Middle Aged 35-54
19,"Response time from support was greaaaaat! They answered within minutes.",R019,2024-01-16 09:28:56,Young Adults 18-34
20,"A bit pricey but you get what you pay for. Quality is worth it.",R020,2024-01-16 10:01:32,Seniors 55+
21,"I won't buy from anyone else. This brand has earned my trust over the years.",R021,2024-01-16 10:34:08,Middle Aged 35-54
22,"Shopping in-store is a pleasure. Clean, organized, and staff is helpful.",R022,2024-01-16 11:06:44,Seniors 55+
23,"Excited about teh new smart features! Makes my life so much easier.",R023,2024-01-16 11:39:20,Young Adults 18-34
24,"Materials feel cheap compared to the old version. Disappointed with the change.",R024,2024-01-16 12:11:56,Middle Aged 35-54
25,"Customer service rep was rude &amp; unhelpful. Won't be shopping here again.",R025,2024-01-16 12:44:32,Young Adults 18-34
26,"For more info check out www.productreviews.com/this-brand - they have great comparisons",R026,2024-01-16 13:17:08,Middle Aged 35-54
27,"fine",R027,2024-01-16 13:49:44,Seniors 55+
28,"Loooove this brand so much!!! Best decision I ever made",R028,2024-01-16 14:22:20,Young Adults 18-34
29,"The product is built to last. Solid construction and premium materials.",R029,2024-01-16 14:54:56,Middle Aged 35-54
30,"Issue was resolved quickly when I emailed support@company.com - very responsive",R030,2024-01-16 15:27:32,Seniors 55+
31,"Prices have gone up too much lately. Not as affordable as it used to be.",R031,2024-01-16 16:00:08,Young Adults 18-34
32,"I tell everyone about this brand. They're the best in the business.",R032,2024-01-16 16:32:44,Middle Aged 35-54
33,"Website is    super slow    takes forever to load pages",R033,2024-01-16 17:05:20,Young Adults 18-34
34,"Wish they would innovate more. Products feel outdated compared to competitors.",R034,2024-01-16 17:37:56,Seniors 55+
35,"QUALITY HAS REALLY GONE DOWNHILL IN RECENT YEARS",R035,2024-01-17 08:10:32,Middle Aged 35-54
36,"The support team went above &amp; beyond to help me. Truly exceptional service!",R036,2024-01-17 08:43:08,Young Adults 18-34
37,"Recieved my order quickly and everything was in perfect condition",R037,2024-01-17 09:15:44,Seniors 55+
38,"Can't beat the value??? Where else can you get this quality at this price",R038,2024-01-17 09:48:20,Middle Aged 35-54
39,"My whole family uses this brand. We're customers for life.",R039,2024-01-17 10:20:56,Seniors 55+
40,"The new store location is sooo convenient! Much better parking too.",R040,2024-01-17 10:53:32,Young Adults 18-34
41,"Finally updated the app! The new features are exactly what I wanted.",R041,2024-01-17 11:26:08,Young Adults 18-34
42,"Durability is questionable... my product broke after just 3 months",R042,2024-01-17 11:58:44,Middle Aged 35-54
43,"Had to call three times before anyone helped me. Very frustrating experience.",R043,2024-01-17 12:31:20,Seniors 55+
44,"Best value on the market!!! You definately get more than you pay for",R044,2024-01-17 13:03:56,Young Adults 18-34
45,"good",R045,2024-01-17 13:36:32,Middle Aged 35-54
46,"I've recommended this to at least 10 people. They all love it too!",R046,2024-01-17 14:09:08,Young Adults 18-34
47,"Store was	very crowded	hard to move around	needs better layout",R047,2024-01-17 14:41:44,Seniors 55+
48,"The technology in their products is years ahead of the competition",R048,2024-01-17 15:14:20,Young Adults 18-34
49,"Premium materials that you can really feel &quot;the difference&quot; in quality",R049,2024-01-17 15:46:56,Middle Aged 35-54
50,"WORST CUSTOMER SERVICE EXPERIENCE OF MY LIFE!!! NEVER AGAIN",R050,2024-01-17 16:19:32,Young Adults 18-34
51,"Prices are very competitive. I always compare and they win every time.",R051,2024-01-17 16:52:08,Seniors 55+
52,"Trust this brand completely. They've never disappointed me in 15 years.",R052,2024-01-17 17:24:44,Middle Aged 35-54
53,"Online checkout process is smooth and easy. Love the saved payment option.",R053,2024-01-17 17:57:20,Young Adults 18-34
54,"Innovative design that seperate them from other brands on the market",R054,2024-01-18 08:29:56,Middle Aged 35-54
55,"The stitching on my bag came undone after 2 weeks. Poor craftsmanship.",R055,2024-01-18 09:02:32,Seniors 55+
56,"Support agent was amazinggggg helped me with everything I needed!!!",R056,2024-01-18 09:35:08,Young Adults 18-34
57,"Too expensive for what you get. There are cheaper alternatives out there.",R057,2024-01-18 10:07:44,Middle Aged 35-54
58,"ok",R058,2024-01-18 10:40:20,Young Adults 18-34
59,"Been buying from them for decades. My parents shopped here too.",R059,2024-01-18 11:12:56,Seniors 55+
60,"I emailed info@brandname.com but never got a response. Very disappointing.",R060,2024-01-18 11:45:32,Middle Aged 35-54
61,"The new wireless features are fantasticcc!!! So much more convenient",R061,2024-01-18 12:18:08,Young Adults 18-34
62,"Materials used are   not as good   as they used to be   quality declining",R062,2024-01-18 12:50:44,Seniors 55+
63,"Quick response time when I called. Issue fixed in under 10 minutes.",R063,2024-01-18 13:23:20,Middle Aged 35-54
64,"Affordable &amp; reliable - exactly what I was looking for",R064,2024-01-18 13:55:56,Young Adults 18-34
65,"LOYAL CUSTOMER FOR OVER 20 YEARS AND PROUD OF IT",R065,2024-01-18 14:28:32,Seniors 55+
66,"The store experience has improved alot. Much cleaner and organized now.",R066,2024-01-18 15:01:08,Middle Aged 35-54
67,"Love that they keep updating with new technology. Always improving!",R067,2024-01-18 15:33:44,Young Adults 18-34
68,"fine",R068,2024-01-18 16:06:20,Middle Aged 35-54
69,"Product fell apart within a year. Expected better durability for the price.",R069,2024-01-18 16:38:56,Seniors 55+
70,"Customer service could be better... waited too long for a simple question",R070,2024-01-18 17:11:32,Young Adults 18-34
71,"Great value proposition. Quality matches the price point perfectly.",R071,2024-01-18 17:44:08,Middle Aged 35-54
72,"They've earned my loyalty through consistent quality over the years",R072,2024-01-19 08:16:44,Seniors 55+
73,"Website navigation is confusinggg??? Can't find what I'm looking for",R073,2024-01-19 08:49:20,Young Adults 18-34
74,"Teh new features they added are game changing for this industry",R074,2024-01-19 09:21:56,Middle Aged 35-54
75,"BEAUTIFUL CRAFTSMANSHIP ON EVERY SINGLE PRODUCT THEY MAKE",R075,2024-01-19 09:54:32,Young Adults 18-34
76,"Recieved excellent support from teh technical team. Very knowledgeable.",R076,2024-01-19 10:27:08,Seniors 55+
77,"Prices are fair but I wish they had more sales and discounts",R077,2024-01-19 10:59:44,Middle Aged 35-54
78,"My family has trusted this brand for three generations. Quality never changes.",R078,2024-01-19 11:32:20,Seniors 55+
79,"Shopping experience is   fantastic   love the new store design",R079,2024-01-19 12:04:56,Young Adults 18-34
80,"Revolutionary new features!!! This changes everything about how I use it",R080,2024-01-19 12:37:32,Young Adults 18-34
81,"good",R081,2024-01-19 13:10:08,Seniors 55+
82,"The materials feel luxurious. Worth every penny I spent.",R082,2024-01-19 13:42:44,Middle Aged 35-54
83,"Had to send three emails before getting a response... unacceptable",R083,2024-01-19 14:15:20,Young Adults 18-34
84,"Best bang for your buck!!! Definately recommend to anyone looking",R084,2024-01-19 14:47:56,Middle Aged 35-54
85,"I've converted all my friends to this brand. They're all hooked now!",R085,2024-01-19 15:20:32,Young Adults 18-34
86,"The online ordering process is soooo easy. Love the tracking updates too.",R086,2024-01-19 15:53:08,Seniors 55+
87,"Cutting edge innovation - they're always ahead of the competition",R087,2024-01-19 16:25:44,Young Adults 18-34
88,"Durability is &#39;outstanding&#39; - best product I&#39;ve ever owned",R088,2024-01-19 16:58:20,Middle Aged 35-54
89,"THE STAFF IS ALWAYS SO HELPFUL AND FRIENDLY WHEN I VISIT",R089,2024-01-19 17:30:56,Seniors 55+
90,"A little overpriced but the quality justifies the cost",R090,2024-01-20 08:03:32,Young Adults 18-34
91,"Recommend this brand to everyone??? They never disappoint!!!",R091,2024-01-20 08:36:08,Middle Aged 35-54
92,"Store hours are convenient. Easy to pop in after work.",R092,2024-01-20 09:08:44,Young Adults 18-34
93,"The product quality is AMAZING!!! I loooove how durable it is &amp; would definately recommend",R093,2024-01-20 09:41:20,Middle Aged 35-54
94,"Excellent build quality. You can tell alot of thought went into the design.",R094,2024-01-20 10:13:56,Seniors 55+
95,"Customer support is friendly but not very effective at solving problems",R095,2024-01-20 10:46:32,Young Adults 18-34
96,"Compare prices anywhere - you won't find better value than this",R096,2024-01-20 11:19:08,Middle Aged 35-54
97,"Been loyal for years and will continue to be. No reason to switch.",R097,2024-01-20 11:51:44,Seniors 55+
98,"Checkout at www.competitorsite.com/compare for price comparisons",R098,2024-01-20 12:24:20,Young Adults 18-34
99,"Their R&amp;D team is clearly working hard - love the constant improvements",R099,2024-01-20 12:56:56,Middle Aged 35-54
100,"ok",R100,2024-01-20 13:29:32,Seniors 55+
101,"Materials are cheap plastic now. What happened to the metal construction?",R101,2024-01-20 14:02:08,Middle Aged 35-54
102,"Called support and they fixed my issue immediately!!! So impressed",R102,2024-01-20 14:34:44,Young Adults 18-34
103,"Pricing is	very reasonable	especially for this level of quality",R103,2024-01-20 15:07:20,Seniors 55+
104,"WOULD DEFINATELY BUY FROM THIS BRAND AGAIN AND AGAIN",R104,2024-01-20 15:39:56,Young Adults 18-34
105,"Online shopping experience needs work... site is clunky and slow",R105,2024-01-20 16:12:32,Middle Aged 35-54
106,"Innovative approach to product development. Always something new!",R106,2024-01-20 16:45:08,Young Adults 18-34
107,"The craftsmanship reminds me of how things used to be made. Quality first.",R107,2024-01-20 17:17:44,Seniors 55+
108,"Had to escalate my issue to a manager... front line support was clueless",R108,2024-01-20 17:50:20,Middle Aged 35-54
109,"Affordable options for every budget. Love the variety they offer.",R109,2024-01-21 08:22:56,Young Adults 18-34
110,"Trust is earned &amp; this brand has earned mine over many years",R110,2024-01-21 08:55:32,Seniors 55+
111,"The new store layout is much better!!! Easy to find everything now",R111,2024-01-21 09:28:08,Middle Aged 35-54
112,"Smart home integration is the best I've seen. Works flawlessly.",R112,2024-01-21 10:00:44,Young Adults 18-34
113,"fine",R113,2024-01-21 10:33:20,Young Adults 18-34
114,"Product is well-made with attention to detail in every stitch",R114,2024-01-21 11:05:56,Seniors 55+
115,"Service reps are soooo patient. Helped me through every step.",R115,2024-01-21 11:38:32,Middle Aged 35-54
116,"You get what you pay for here. Premium price for premium quality.",R116,2024-01-21 12:11:08,Young Adults 18-34
117,"Wouldn't consider buying from anyone else. This brand is my go-to.",R117,2024-01-21 12:43:44,Seniors 55+
118,"Store staff	very helpful	guided me to the right product	great experience",R118,2024-01-21 13:16:20,Middle Aged 35-54
119,"The technology updates keep me coming back. Always improving their products!",R119,2024-01-21 13:48:56,Young Adults 18-34
120,"Durability is a major selling point. Built to withstand daily use.",R120,2024-01-21 14:21:32,Middle Aged 35-54
121,"CUSTOMER SERVICE TEAM DESERVES A RAISE!!! THEY ARE FANTASTIC",R121,2024-01-21 14:54:08,Young Adults 18-34
122,"Great prices during the holiday sales. Stock up every year!",R122,2024-01-21 15:26:44,Seniors 55+
123,"Loyal customer and proud brand ambassador. Everyone should try them!",R123,2024-01-21 15:59:20,Middle Aged 35-54
124,"The mobile app is greaaaaat for shopping on the go. Love it!!!",R124,2024-01-21 16:31:56,Young Adults 18-34
125,"Impressed with the new eco-friendly materials they're using now",R125,2024-01-21 17:04:32,Seniors 55+
126,"Product quality has really improved over the last few years",R126,2024-01-21 17:37:08,Middle Aged 35-54
127,"Emailed customer.service@brand.net and got help within the hour!",R127,2024-01-22 08:09:44,Young Adults 18-34
128,"A bit expensive but I'd rather pay more for something that lasts",R128,2024-01-22 08:42:20,Seniors 55+
129,"good",R129,2024-01-22 09:14:56,Young Adults 18-34
130,"My friends all laugh that I only buy this brand. But they're the best!",R130,2024-01-22 09:47:32,Middle Aged 35-54
131,"Shopping in the store is always a pleasant experience   clean and organized",R131,2024-01-22 10:20:08,Seniors 55+
132,"THE NEW FEATURES ARE EXACTLY WHAT I'VE BEEN WAITING FOR",R132,2024-01-22 10:52:44,Young Adults 18-34
133,"Quality of materials used is &lt;exceptional&gt; in every product",R133,2024-01-22 11:25:20,Middle Aged 35-54
134,"Response time is too slow... need more staff in customer service",R134,2024-01-22 11:57:56,Seniors 55+
135,"Competitive pricing without sacrificing quality. Perfect balance!",R135,2024-01-22 12:30:32,Young Adults 18-34
136,"I won't shop anywhere else. This brand has my complete trust.",R136,2024-01-22 13:03:08,Middle Aged 35-54
137,"Teh website could use some improvement but products are amazing",R137,2024-01-22 13:35:44,Young Adults 18-34
138,"Constantly innovating and bringing new ideas to market. Love it!",R138,2024-01-22 14:08:20,Seniors 55+
139,"Solid construction that holds up to years of heavy use",R139,2024-01-22 14:40:56,Middle Aged 35-54
140,"Staff was amazingly helpful!!! Went above and beyond for me",R140,2024-01-22 15:13:32,Young Adults 18-34
141,"I've been buying from this brand for years, can't imagine switching to another",R141,2024-01-22 15:46:08,Middle Aged 35-54
142,"Worth every penny??? Best investment I've made in years!!!",R142,2024-01-22 16:18:44,Seniors 55+
143,"ok",R143,2024-01-22 16:51:20,Young Adults 18-34
144,"Will definately be a repeat customer. They've earned my loyalty.",R144,2024-01-22 17:23:56,Middle Aged 35-54
145,"Easy to navigate website with fast checkout. Great online experience!",R145,2024-01-22 17:56:32,Young Adults 18-34
146,"The innovation in this product line is what keeps me buying",R146,2024-01-23 08:29:08,Seniors 55+
147,"Durability issues with the newer models... not as good as before",R147,2024-01-23 09:01:44,Middle Aged 35-54
148,"LOVE THE HELPFUL STAFF AT THE DOWNTOWN LOCATION!!!",R148,2024-01-23 09:34:20,Young Adults 18-34
149,"Fair prices for excellent quality. You really can't complain.",R149,2024-01-23 10:06:56,Seniors 55+
150,"Loyal to this brand   would recommend to anyone   best products ever",R150,2024-01-23 10:39:32,Middle Aged 35-54
151,"Store experience is mediocre. Nothing special about shopping there.",R151,2024-01-23 11:12:08,Young Adults 18-34
152,"Recieved the product and was blown away by teh quality!!!",R152,2024-01-23 11:44:44,Seniors 55+
153,"fine",R153,2024-01-23 12:17:20,Middle Aged 35-54
154,"The materials are sooo soft and comfortable. Perfect quality!",R154,2024-01-23 12:49:56,Young Adults 18-34
155,"Customer service resolved everything on the first call. Impressive!",R155,2024-01-23 13:22:32,Seniors 55+
156,"See their offers at http://brand-deals.example.com for the best prices",R156,2024-01-23 13:55:08,Middle Aged 35-54
157,"Prices too high for me. Will look for alternatives next time.",R157,2024-01-23 14:27:44,Young Adults 18-34
158,"Been buying for 30 years. My children now buy from them too!",R158,2024-01-23 15:00:20,Seniors 55+
159,"THE ONLINE STORE IS FANTASTIC!!! LOVE THE USER INTERFACE",R159,2024-01-23 15:32:56,Young Adults 18-34
160,"New smart features make this product stand out from competitors",R160,2024-01-23 16:05:32,Middle Aged 35-54
161,"Product craftsmanship is exquisite. True artisan quality work.",R161,2024-01-23 16:38:08,Seniors 55+
162,"Support team was helpfullll but took a while to get through",R162,2024-01-23 17:10:44,Young Adults 18-34
163,"Affordable luxury - that's how I describe this brand to others",R163,2024-01-23 17:43:20,Middle Aged 35-54
164,"Won't be switching brands anytime soon. Completely satisfied!",R164,2024-01-24 08:15:56,Seniors 55+
165,"Store atmosphere is relaxing. No pressure from staff. Perfect!",R165,2024-01-24 08:48:32,Young Adults 18-34
166,"Always on the cutting edge of technology. That's why I stay loyal.",R166,2024-01-24 09:21:08,Middle Aged 35-54
167,"good",R167,2024-01-24 09:53:44,Seniors 55+
168,"Materials are premium grade &amp; you can feel the difference immediately",R168,2024-01-24 10:26:20,Young Adults 18-34
169,"Had to wait 20 minutes on hold... not great customer service",R169,2024-01-24 10:58:56,Middle Aged 35-54
170,"Customer service was   very helpful   they resolved my issue quickly",R170,2024-01-24 11:31:32,Young Adults 18-34
171,"Excellent value compared to similar products on the market",R171,2024-01-24 12:04:08,Seniors 55+
172,"I recommend this brand at every opportunity. They deserve the business!",R172,2024-01-24 12:36:44,Middle Aged 35-54
173,"Checkout process online is	smooth	efficient	no complaints at all",R173,2024-01-24 13:09:20,Young Adults 18-34
174,"Innovation is their middle name. Always bringing something new to market.",R174,2024-01-24 13:41:56,Seniors 55+
175,"Durability is outstanding!!! Had mine for years and still going strong",R175,2024-01-24 14:14:32,Middle Aged 35-54
176,"The team at support@helpdesk.co was incredibly responsive",R176,2024-01-24 14:47:08,Young Adults 18-34
177,"PRICES ARE TOO HIGH NOW!!! USED TO BE MORE AFFORDABLE",R177,2024-01-24 15:19:44,Seniors 55+
178,"Once you go with this brand you can't go back. Trust me on this!",R178,2024-01-24 15:52:20,Middle Aged 35-54
179,"The shopping experience both online and in-store is excellent",R179,2024-01-24 16:24:56,Young Adults 18-34
180,"Teh new technology integration is seemless and works perfectly",R180,2024-01-24 16:57:32,Seniors 55+
181,"Quality construction that stands up to heavy daily use",R181,2024-01-24 17:30:08,Middle Aged 35-54
182,"ok",R182,2024-01-24 18:02:44,Young Adults 18-34
183,"Staff went out of their way to help me find what I needed. Amazing!",R183,2024-01-25 08:35:20,Seniors 55+
184,"Good value??? I guess??? Could be better though...",R184,2024-01-25 09:07:56,Middle Aged 35-54
185,"Will be buying from this brand for many more years to come!",R185,2024-01-25 09:40:32,Young Adults 18-34
186,"The website has    too many bugs    needs serious improvement",R186,2024-01-25 10:13:08,Seniors 55+
187,"Loooooove the new features in the latest model!!! So excited",R187,2024-01-25 10:45:44,Young Adults 18-34
188,"Craftsmanship is seperate class from anything else on market",R188,2024-01-25 11:18:20,Middle Aged 35-54
189,"Customer support helped me resolve a tricky warranty issue quickly",R189,2024-01-25 11:50:56,Seniors 55+
190,"Way too expensive. Definately not getting my money's worth.",R190,2024-01-25 12:23:32,Young Adults 18-34
191,"Brand loyalty is strong in my family. Three generations of customers!",R191,2024-01-25 12:56:08,Seniors 55+
192,"Store layout is   confusing   but the products make up for it",R192,2024-01-25 13:28:44,Middle Aged 35-54
193,"INNOVATIVE PRODUCTS THAT ACTUALLY SOLVE REAL PROBLEMS!!!",R193,2024-01-25 14:01:20,Young Adults 18-34
194,"Materials used are eco-friendly and sustainable. Love that!",R194,2024-01-25 14:33:56,Seniors 55+
195,"fine",R195,2024-01-25 15:06:32,Middle Aged 35-54
196,"Service reps are greaaaat!!! Very patient and knowledgeable",R196,2024-01-25 15:39:08,Young Adults 18-34
197,"Competitive pricing that matches or beats other brands. Great deal!",R197,2024-01-25 16:11:44,Seniors 55+
198,"I've told everyone about this brand. My recommendation stands firm!",R198,2024-01-25 16:44:20,Middle Aged 35-54
199,"The mobile shopping experience is soooo much better now!!! Love it",R199,2024-01-25 17:16:56,Young Adults 18-34
200,"Tech innovations keep getting better with each new release",R200,2024-01-25 17:49:32,Seniors 55+
201,"Build quality is exceptional for the price point. Very impressed.",R201,2024-01-26 08:22:08,Middle Aged 35-54
202,"Called customer service and was treated very well. Issue resolved!",R202,2024-01-26 08:54:44,Young Adults 18-34
203,"Not worth the money they're charging. Look elsewhere for value.",R203,2024-01-26 09:27:20,Seniors 55+
204,"good",R204,2024-01-26 09:59:56,Middle Aged 35-54
205,"BEST BRAND OUT THERE!!! LOYAL CUSTOMER FOREVER",R205,2024-01-26 10:32:32,Young Adults 18-34
206,"In-store experience is pleasant. Staff knows their products well.",R206,2024-01-26 11:05:08,Seniors 55+
207,"The new AI features are incredible!!! Never seen anything like it",R207,2024-01-26 11:37:44,Young Adults 18-34
208,"Durability and quality is what brought me to this brand &amp; keeps me here",R208,2024-01-26 12:10:20,Middle Aged 35-54
209,"Had issues with support... took forever to get a response via email",R209,2024-01-26 12:42:56,Seniors 55+
210,"Recieved great value for what I paid. Will buy again!",R210,2024-01-26 13:15:32,Young Adults 18-34
211,"Can't recommend this brand enough! Everyone should try them.",R211,2024-01-26 13:48:08,Middle Aged 35-54
212,"Website is easy to use	products are organized well	checkout is fast",R212,2024-01-26 14:20:44,Seniors 55+
213,"Innovation is at the core of everything they do. Impressive!",R213,2024-01-26 14:53:20,Young Adults 18-34
214,"Premium materials &quot;worth every cent&quot; of the purchase price",R214,2024-01-26 15:25:56,Middle Aged 35-54
215,"ok",R215,2024-01-26 15:58:32,Seniors 55+
216,"Support team was fantastic!!! Helped me through the whole process",R216,2024-01-26 16:31:08,Young Adults 18-34
217,"Affordable options available for every budget. Something for everyone!",R217,2024-01-26 17:03:44,Middle Aged 35-54
218,"Been a loyal customer since I was young. No reason to change now.",R218,2024-01-26 17:36:20,Seniors 55+
219,"The new store design is beautiful!!! Love shopping there now",R219,2024-01-26 18:08:56,Young Adults 18-34
220,"Cutting-edge technology that makes life easier every day",R220,2024-01-27 08:41:32,Middle Aged 35-54
221,"Quality construction you can trust. Built to last a lifetime.",R221,2024-01-27 09:14:08,Seniors 55+
222,"Customer service needs improvement   waited too long   no resolution",R222,2024-01-27 09:46:44,Young Adults 18-34
223,"Definately the best value on the market today. Highly recommend!",R223,2024-01-27 10:19:20,Middle Aged 35-54
224,"Will keep buying from this brand. They've proven themselves to me.",R224,2024-01-27 10:51:56,Seniors 55+
225,"Check reviews at http://trustreviews.org/brand for more info",R225,2024-01-27 11:24:32,Young Adults 18-34
226,"THE INNOVATIONS THEY'VE MADE ARE TRULY GROUNDBREAKING",R226,2024-01-27 11:57:08,Middle Aged 35-54
227,"fine",R227,2024-01-27 12:29:44,Seniors 55+
228,"Product durability is soooo good!!! Still using mine from 5 years ago",R228,2024-01-27 13:02:20,Young Adults 18-34
229,"Helpful staff who really know their products. Great service!",R229,2024-01-27 13:34:56,Middle Aged 35-54
230,"Prices have become more reasonable lately. Good to see!",R230,2024-01-27 14:07:32,Seniors 55+
231,"Loyal to this brand for life!!! Can't imagine buying anything else",R231,2024-01-27 14:40:08,Young Adults 18-34
232,"Online experience is smooth and hassle-free. Love it!",R232,2024-01-27 15:12:44,Middle Aged 35-54
233,"New features make this product stand out from teh competition",R233,2024-01-27 15:45:20,Seniors 55+
234,"The craftsmanship on display is truly remarkable &amp; impressive",R234,2024-01-27 16:17:56,Young Adults 18-34
235,"Service was mediocre... nothing to write home about really",R235,2024-01-27 16:50:32,Middle Aged 35-54
236,"good",R236,2024-01-27 17:23:08,Seniors 55+
237,"Great value for teh money spent. Would definately purchase again!",R237,2024-01-27 17:55:44,Young Adults 18-34
238,"Trusted this brand for decades. Never been disappointed yet.",R238,2024-01-28 08:28:20,Seniors 55+
239,"Store experience was	great	staff very helpful	will return soon",R239,2024-01-28 09:00:56,Middle Aged 35-54
240,"LOVE THE NEW SMART HOME INTEGRATION FEATURES!!! AMAZING",R240,2024-01-28 09:33:32,Young Adults 18-34
241,"Materials are high quality and feel premium in hand",R241,2024-01-28 10:06:08,Seniors 55+
242,"Customer support is responsive &amp; helpful. No complaints here!",R242,2024-01-28 10:38:44,Middle Aged 35-54
243,"Too pricey for my budget. Will have to look for alternatives.",R243,2024-01-28 11:11:20,Young Adults 18-34
244,"ok",R244,2024-01-28 11:43:56,Middle Aged 35-54
245,"Recommend to everyone I know!!! Best brand on the market",R245,2024-01-28 12:16:32,Seniors 55+
246,"The website navigation   has improved   much easier to find products now",R246,2024-01-28 12:49:08,Young Adults 18-34
247,"Innovation drives this company and it shows in their products",R247,2024-01-28 13:21:44,Middle Aged 35-54
248,"Durability is why I keep coming back. These products last forever!",R248,2024-01-28 13:54:20,Seniors 55+
249,"Amazing customer service experience!!! They really care about customers",R249,2024-01-28 14:26:56,Young Adults 18-34
250,"Fair pricing for exceptional quality. Can't ask for more!",R250,2024-01-28 14:59:32,Middle Aged 35-54
251,"Brand loyalty means everything to me &amp; this brand has earned it",R251,2024-01-28 15:32:08,Seniors 55+
252,"Shopping here is always a pleasure. Clean stores, friendly staff.",R252,2024-01-28 16:04:44,Young Adults 18-34
253,"New technology features are exactly what customers have been asking for",R253,2024-01-28 16:37:20,Middle Aged 35-54
254,"Contact them at sales@brandcompany.com for bulk discounts - great service!",R254,2024-01-28 17:09:56,Seniors 55+
255,"Craftsmanship is second to none. You can see the quality immediately.",R255,2024-01-28 17:42:32,Young Adults 18-34
256,"fine",R256,2024-01-29 08:15:08,Middle Aged 35-54
257,"Service reps are knowledgeableee and very patient with questions",R257,2024-01-29 08:47:44,Seniors 55+
258,"Competitive prices that beat most other brands. Best value!",R258,2024-01-29 09:20:20,Young Adults 18-34
259,"LOYAL CUSTOMER AND PROUD OF IT!!! BEST BRAND EVER",R259,2024-01-29 09:52:56,Middle Aged 35-54
260,"The online shopping experience is greaaaaat! Easy and fast",R260,2024-01-29 10:25:32,Seniors 55+
261,"Their tech innovations are always impressive and useful",R261,2024-01-29 10:58:08,Young Adults 18-34
262,"Quality materials that hold up well over time. Very satisfied!",R262,2024-01-29 11:30:44,Middle Aged 35-54
263,"Had to call multiple times for support... frustrating experience",R263,2024-01-29 12:03:20,Seniors 55+
264,"good",R264,2024-01-29 12:35:56,Young Adults 18-34
265,"Value for money is excellent!!! You get way more than you pay for",R265,2024-01-29 13:08:32,Middle Aged 35-54
266,"Trust this brand completely. They've never let me down in 25 years.",R266,2024-01-29 13:41:08,Seniors 55+
267,"Store layout is perfect   easy to navigate   products well organized",R267,2024-01-29 14:13:44,Young Adults 18-34
268,"The innovation in each new product release is truly remarkable",R268,2024-01-29 14:46:20,Middle Aged 35-54
269,"Built to last - my product is still going strong after many years",R269,2024-01-29 15:18:56,Seniors 55+
270,"Customer support was sooo helpful!!! Fixed everything for me",R270,2024-01-29 15:51:32,Young Adults 18-34
271,"Recieved great service and even better products. Very happy!",R271,2024-01-29 16:24:08,Middle Aged 35-54
272,"Prices are fair for what you get. Quality matches the cost.",R272,2024-01-29 16:56:44,Seniors 55+
273,"ok",R273,2024-01-29 17:29:20,Young Adults 18-34
274,"Will definately recommend to friends &amp; family. Great brand!!!",R274,2024-01-29 18:01:56,Middle Aged 35-54
275,"Shopping experience has improved dramatically over the years",R275,2024-01-30 08:34:32,Seniors 55+
276,"THE NEW FEATURES ARE EVERYTHING I HOPED FOR AND MORE",R276,2024-01-30 09:07:08,Young Adults 18-34
277,"Exceptional craftsmanship in every product. True quality work.",R277,2024-01-30 09:39:44,Middle Aged 35-54
278,"Service was quick and efficient. No complaints at all!",R278,2024-01-30 10:12:20,Seniors 55+
279,"Best bang for your buck in this category. Highly recommend!!!",R279,2024-01-30 10:44:56,Young Adults 18-34
280,"Been loyal to this brand my whole life. No reason to change now.",R280,2024-01-30 11:17:32,Middle Aged 35-54
281,"fine",R281,2024-01-30 11:50:08,Seniors 55+
282,"The website is   much better now   love the new design",R282,2024-01-30 12:22:44,Young Adults 18-34
283,"Innovations that actually make a difference in daily use. Love it!",R283,2024-01-30 12:55:20,Middle Aged 35-54
284,"Product durability exceeds all expectations. Built tough!",R284,2024-01-30 13:27:56,Seniors 55+
285,"Helpful staff who go above and beyond for customers. Amazing!!!",R285,2024-01-30 14:00:32,Young Adults 18-34
286,"Good value overall tho prices could be slightly more competitive",R286,2024-01-30 14:33:08,Middle Aged 35-54
287,"Recommend this brand to everyone??? Absolutely without hesitation!!!",R287,2024-01-30 15:05:44,Seniors 55+
288,"Store experience was pleasant. Will definately return soon!",R288,2024-01-30 15:38:20,Young Adults 18-34
289,"good",R289,2024-01-30 16:10:56,Middle Aged 35-54
290,"Tech features are ahead of their time. Very innovative approach!",R290,2024-01-30 16:43:32,Seniors 55+
291,"Quality is &#39;top notch&#39; &amp; craftsmanship is excellent",R291,2024-01-30 17:16:08,Young Adults 18-34
292,"Customer service team is	very responsive	resolved my issue quickly",R292,2024-01-30 17:48:44,Middle Aged 35-54
293,"FANTASTIC VALUE FOR MONEY!!! COULDN'T BE HAPPIER",R293,2024-01-30 18:21:20,Seniors 55+
294,"Brand loyalty runs deep in our family. We all shop here!",R294,2024-01-31 08:53:56,Young Adults 18-34
295,"Online experience is seamless from browsing to checkout",R295,2024-01-31 09:26:32,Middle Aged 35-54
296,"The new smart features are loooovely!!! So impressed with updates",R296,2024-01-31 09:59:08,Seniors 55+
297,"Premium materials that feel luxurious. Worth the investment!",R297,2024-01-31 10:31:44,Young Adults 18-34
298,"Support team helped me sort out my warranty issue no problem",R298,2024-01-31 11:04:20,Middle Aged 35-54
299,"Best prices during sales season!!! Stock up every year",R299,2024-01-31 11:36:56,Seniors 55+
300,"Will always trust this brand. They've earned it over decades!",R300,2024-01-31 12:09:32,Young Adults 18-34
